loc searched,loc_url,lat,lon,name_only,address_only,pulse_address,loc_type,num_reviews,avg_review,temp_perm_closed,price_level,website,hours,phone_number,img_url,Service options,Highlights,Popular for,Accessibility,Offerings,Dining options,Amenities,Atmosphere,Crowd,Payments,Health & safety,Planning
"Dunkin, 5889 Forbes Ave, Pittsburgh, PA","https://www.google.com/maps/place/Dunkin'/@40.4382003,-79.9196009,17z/data=!3m1!4b1!4m5!3m4!1s0x8834f20009406951:0xcc71f5962f794b11!8m2!3d40.4382003!4d-79.9196009",40.4382003,-79.9196009,Dunkin',"5889 Forbes Ave, Pittsburgh, PA 15217 ","C3QJ+75 Pittsburgh, Pennsylvania",Coffee shop,501,4.0,,Inexpensive,dunkindonuts.com,"Tuesday, 5AM to 8PM; Wednesday, 5AM to 8PM; Thursday, 5AM to 8PM; Friday, 5AM to 8PM; Saturday, 5AM to 8PM; Sunday, 5AM to 6PM; Monday, 5AM to 8PM.",(412) 521-2618,https://lh5.googleusercontent.com/p/AF1QipOPJlbNR4pHc7HZ_0lpdab7TXtnhznGLVIkTu_8=w408-h306-k-no,"['Offers delivery', 'Offers takeout', 'Serves dine-in']","['Has fast service', 'Serves great coffee', 'Serves great dessert']","['Popular for breakfast', 'Good for solo dining', 'Good for working on laptop']","['Has wheelchair accessible entrance', 'Has wheelchair accessible parking lot', 'Has wheelchair accessible restroom']","['Serves coffee', 'Serves comfort food', 'Serves happy hour drinks', 'Serves late-night food', 'Quick bite', 'Serves vegetarian options']","['Serves breakfast', 'Serves lunch', 'Serves dessert']","['Good for kids', 'High chairs available', 'Has restroom', 'Free Wi-Fi']","['Casual', 'Cozy']","['Popular with college students', 'Family-friendly', 'Good for groups', 'Popular with tourists']","['Accepts debit cards', 'Accepts NFC mobile payments']",,
"Fuku Tea, South Craig Street, Pittsburgh, PA","https://www.google.com/maps/place/Fuku+Tea/@40.4456927,-79.9490221,17z/data=!3m1!4b1!4m5!3m4!1s0x8834f3a63349ed07:0xf0dfb922bc857e46!8m2!3d40.4456927!4d-79.9490221",40.4456927,-79.9490221,Fuku Tea,"300 S Craig St, Pittsburgh, PA 15213 ","C3W2+79 Pittsburgh, Pennsylvania",Bubble tea store,21,4.5,,Inexpensive,fukutea.com,"Tuesday, 11AM to 8PM; Wednesday, 11AM to 8PM; Thursday, 11AM to 8PM; Friday, 11AM to 8PM; Saturday, 11AM to 8PM; Sunday, 11AM to 8PM; Monday, 11AM to 8PM.",(412) 681-8889,https://lh5.googleusercontent.com/p/AF1QipPbVgNb9NKixCO8x_5jrhpssEj1IESqWDrSwcb_=w408-h306-k-no,"['Has outdoor seating', 'Offers delivery', 'Offers takeout', 'No dine-in']","['Has fast service', 'Has great tea selection']",,['Has wheelchair accessible entrance'],['Serves coffee'],,['Good for kids'],['Casual'],"['Popular with college students', 'Family-friendly']",['Accepts NFC mobile payments'],,
"Good Hope Marketplace, 2845 Alabama Ave SE, Washington, DC 20020","https://www.google.com/maps/place/Good+Hope+Marketplace/@38.859661,-76.9664542,17z/data=!3m1!4b1!4m5!3m4!1s0x89b7b9a05ae984f1:0x65bc9bce90c8a95c!8m2!3d38.859661!4d-76.9664542",38.859660999999996,-76.9664542,Good Hope Marketplace,"2845 Alabama Ave SE, Washington, DC 20020 ","V25M+VC Washington, District of Columbia",Business center,"1,062",3.8,,,,"Tuesday, 5AM to 12AM; Wednesday, 5AM to 12AM; Thursday, 5AM to 12AM; Friday, 5AM to 12AM; Saturday, 5AM to 12AM; Sunday, 5AM to 12AM; Monday, 5AM to 12AM.",,https://lh5.googleusercontent.com/p/AF1QipNjYR0GbH0pXRKOtLAFBGlHhUgNxi2mjxOgsA6T=w408-h342-k-no,,,,,,,,,,,,
"Hidden Harbor, Shady Ave, Pittsburgh, PA","https://www.google.com/maps/place/Hidden+Harbor/@40.4376352,-79.9194888,17z/data=!3m1!4b1!4m5!3m4!1s0x8834f20006c6912d:0x8e247bb9b00a5afe!8m2!3d40.4376377!4d-79.9194526",40.4376377,-79.9194526,Hidden Harbor,"1708 Shady Ave, Pittsburgh, PA 15217 ","C3QJ+36 Pittsburgh, Pennsylvania",Bar,507,4.6,,Moderate,hiddenharborpgh.com,"Tuesday, 5 to 10PM; Wednesday, 5 to 10PM; Thursday, 5 to 10PM; Friday, 5 to 10PM; Saturday, 3 to 10PM; Sunday, Closed; Monday, Closed.",(412) 422-5040,https://lh5.googleusercontent.com/p/AF1QipN9LG5VUv1ejBFn7S3MLB_ZrwEvECsD50Mfcx8G=w408-h311-k-no,"['Has outdoor seating', 'Offers curbside pickup', 'Offers takeout', 'Serves dine-in', 'No delivery']","['Has fast service', 'Has great bar food', 'Serves great cocktails']",,['Has wheelchair accessible entrance'],"['Serves alcohol', 'Serves beer', 'Serves cocktails', 'Serves food', 'Serves food at bar', 'Serves happy hour drinks', 'Serves happy hour food', 'Serves hard liquor', 'Serves wine']",,,"['Casual', 'Cozy']","['Good for groups', 'Popular with tourists']",,"['Mask required', 'Staff required to disinfect surfaces between visits']",
"Hillside Terrace, 1823 23rd St SE, Washington, DC 20020","https://www.google.com/maps/place/Hillside+Terrace/@38.8669673,-76.9733205,17z/data=!3m1!4b1!4m5!3m4!1s0x89b7b9a59dc65073:0x9ad35291fc52fd3f!8m2!3d38.8669673!4d-76.9733205",38.86696729999999,-76.9733205,Hillside Terrace,"1823 23rd St SE, Washington, DC 20020 ","V28G+QM Washington, District of Columbia",Apartment building,8,2.1,,,hillsideterracedc.com,"Tuesday, 8AM to 5PM; Wednesday, 8AM to 5PM; Thursday, 8AM to 5PM; Friday, 8AM to 5PM; Saturday, Closed; Sunday, Closed; Monday, 8AM to 5PM.",(202) 575-2575,https://lh5.googleusercontent.com/p/AF1QipMfJTABv_Y_ldh18j79SrERPC_GGWWArQNG0d_d=w434-h240-k-no,,,,,,,,,,,,
"Honfleur Gallery, 1241 Good Hope Rd SE, Washington, DC 20020","https://www.google.com/maps/place/Honfleur+Gallery/@38.8669917,-76.9873278,17z/data=!3m1!4b1!4m5!3m4!1s0x89b7b9b8820032c1:0xfd3fca5459b39b6a!8m2!3d38.8670645!4d-76.9873053",38.867064500000005,-76.9873053,Honfleur Gallery,"1241 Good Hope Rd SE, Washington, DC 20020 ","V287+Q3 Washington, District of Columbia",,,4.8,Permanently closed,,honfleurgallery.com,"Tuesday, Closed; Wednesday, 12 to 7PM; Thursday, 12 to 7PM; Friday, 12 to 7PM; Saturday, 12 to 7PM; Sunday, Closed; Monday, Closed.",(202) 365-8392,https://lh5.googleusercontent.com/p/AF1QipPt7_RFsvmlqRZgMPicG9V2XXSNFpGY1zEbqRaM=w426-h240-k-no,,,,,,,['No restaurant'],,,,,
"Hong Kong Delite Carry Out, 3123 Martin Luther King Jr Ave SE, Washington, DC 20032","https://www.google.com/maps/place/Hong+Kong+Delite+Carry+Out/@38.8434074,-77.0001246,17z/data=!3m1!4b1!4m5!3m4!1s0x89b7b9f8334ba047:0xf7751d64cade8a6!8m2!3d38.8433304!4d-77.0000599",38.8433304,-77.00005990000001,Hong Kong Delite Carry Out,"3123 Martin Luther King Jr Ave SE, Washington, DC 20032 ","RXVX+9X Washington, District of Columbia",Chinese restaurant,247,3.7,,Inexpensive,runinout.com,"Tuesday, 11AM to 11PM; Wednesday, 11AM to 11PM; Thursday, 11AM to 11PM; Friday, 11AM to 12AM; Saturday, 11AM to 12AM; Sunday, 12 to 11PM; Monday, 11AM to 11PM.",(202) 562-7047,https://lh5.googleusercontent.com/p/AF1QipOZBYCm81vst4SlErdaadiuGnK6K7HyCB03xewN=w408-h306-k-no,"['Offers takeout', 'No delivery', 'No dine-in']",,"['Popular for lunch', 'Popular for dinner']",,"['Serves comfort food', 'Serves late-night food', 'Quick bite']",,,['Casual'],,['Cash-only'],['Mask required'],['Usually has a wait']
"IBe' Arts, 1239 V St SE, Washington, DC 20020","https://www.google.com/maps/place/IBe'+Arts/@38.8653472,-76.9881239,17z/data=!3m1!4b1!4m5!3m4!1s0x89b7b9c74e3a56c1:0x73659239d5abb45!8m2!3d38.8653957!4d-76.9881096",38.86539570000001,-76.98810959999999,IBe' Arts,"1239 V St SE, Washington, DC 20020 ","V286+4Q Washington, District of Columbia",Art gallery,,,,,ibearts.com,"Tuesday, 7AM to 10PM; Wednesday, 7AM to 10PM; Thursday, 7AM to 10PM; Friday, 7AM to 12AM; Saturday, Open 24 hours; Sunday, 12AM to 10PM; Monday, 7AM to 10PM.",(202) 215-3484,https://lh5.googleusercontent.com/p/AF1QipMCNrOqnHvo7x1oJUewjbzh3BCnSahFUwf0-7Ti=w408-h408-k-no,,,,,,,,,,,,
"IHOP, 1523 Alabama Ave SE, Washington, DC 20032","https://www.google.com/maps/place/IHOP/@38.8459537,-76.9827333,17z/data=!3m1!4b1!4m5!3m4!1s0x89b7b98c346f2077:0x780ce0ecb662e95e!8m2!3d38.8460616!4d-76.9827344",38.846061600000006,-76.9827344,IHOP,"1523 Alabama Ave SE, Washington, DC 20032 ","R2W8+9W Washington, District of Columbia",Restaurant,890,3.5,,Inexpensive,restaurants.ihop.com,"Tuesday, 7AM to 10PM; Wednesday, 7AM to 10PM; Thursday, 7AM to 10PM; Friday, 7AM to 12AM; Saturday, Open 24 hours; Sunday, 12AM to 10PM; Monday, 7AM to 10PM.",(202) 563-5890,https://lh4.googleusercontent.com/proxy/3MYI5l1edTHsp1ZESQRyta_EhXawo56o9OR2cYrDXRxISnYZZEISs9S4hFHcLXZkocELoBBWz5BKygWCXb51MRhUfhMCPwbxAYBJdvBiO7KebhwV_644o0jcimpjgV-3QgkVvGlCNGDxzsAmOOQWAtM5SPNs8A=w408-h270-k-no,"['Offers curbside pickup', 'Offers delivery', 'Offers takeout', 'Serves dine-in']","['Has fireplace', 'Serves great coffee', 'Has great tea selection']","['Popular for breakfast', 'Popular for lunch', 'Popular for dinner', 'Good for solo dining']","['Has wheelchair accessible entrance', 'Has wheelchair accessible parking lot', 'No wheelchair accessible restroom']","['Serves coffee', 'Serves happy hour drinks', 'Serves healthy options', ""Has kids' menu"", 'Serves late-night food', 'Serves organic dishes', 'Quick bite', 'Has salad bar', 'Serves small plates']","['Serves breakfast', 'Serves lunch', 'Serves dinner', 'Has seating']",['Good for kids'],"['Casual', 'Cozy']","['Family-friendly', 'Good for groups', 'Popular with tourists']",['Accepts debit cards'],['Mask required'],
"Jasmine's Hair Gallery, 2202 Martin Luther King Jr Ave SE, Washington, DC 20020","https://www.google.com/maps/place/Jasmine's+Hair+Gallery/@38.8647082,-76.9896651,17z/data=!3m1!4b1!4m5!3m4!1s0x89b7b9c0d16c10c5:0x6991203eba436cd0!8m2!3d38.8647276!4d-76.9897096",38.8647276,-76.98970959999998,Jasmine's Hair Gallery,"2202 Martin Luther King Jr Ave SE, Washington, DC 20020 ","V276+V4 Washington, District of Columbia",Beauty salon,89,4.5,,,,"Tuesday, 9AM to 7PM; Wednesday, 9AM to 7PM; Thursday, 9AM to 7PM; Friday, 9AM to 7PM; Saturday, 7AM to 6PM; Sunday, 9AM to 7PM; Monday, 9AM to 5PM.",(202) 678-7095,https://lh5.googleusercontent.com/p/AF1QipPUhD-KGx8wNgizR_MMu44zBTu6WMMBFAkyTLEN=w426-h240-k-no,,,,,,,,,,,,
"Jasper Place Apartments, 1350 Jasper Pl SE, Washington, DC 20020","https://www.google.com/maps/place/Jasper+Place+Apartments/@38.8515807,-76.9824206,17z/data=!3m1!4b1!4m5!3m4!1s0x89b7b95e2f88b787:0xf10af2c00240c5d7!8m2!3d38.8515597!4d-76.9823902",38.8515597,-76.9823902,Jasper Place Apartments,"1350 Jasper Pl SE, Washington, DC 20020 ","V229+J2 Washington, District of Columbia",Apartment complex,4,3.8,,,jasperplaceapartments.com,"Tuesday, 7AM to 2PM; Wednesday, 7AM to 2PM; Thursday, 7AM to 2PM; Friday, 7AM to 2PM; Saturday, 8AM to 1PM; Sunday, Closed; Monday, 7AM to 2PM.",(202) 509-1558,https://streetviewpixels-pa.googleapis.com/v1/thumbnail?panoid=PBs8NFGDl-V3c-4oHis4ag&cb_client=search.gws-prod.gps&w=408&h=240&yaw=313.8643&pitch=0&thumbfov=100,,,,,,,,,,,,
"Journey Anacostia, 1201 Good Hope Rd SE, Washington, DC 20020","https://www.google.com/maps/place/Journey+Anacostia/@38.86717,-76.988574,17z/data=!3m1!4b1!4m5!3m4!1s0x89b7b9c7739b2071:0x2b45fa53f9f459ed!8m2!3d38.86717!4d-76.988574",38.86717,-76.988574,Journey Anacostia,"1201 Good Hope Rd SE, Washington, DC 20020 ","V286+VH Washington, District of Columbia",Art museum,2,3.5,,,,"Tuesday, 7AM to 2PM; Wednesday, 7AM to 2PM; Thursday, 7AM to 2PM; Friday, 7AM to 2PM; Saturday, 8AM to 1PM; Sunday, Closed; Monday, 7AM to 2PM.",,https://streetviewpixels-pa.googleapis.com/v1/thumbnail?panoid=fK7CcUqT16wRoGehofkeKg&cb_client=search.gws-prod.gps&w=408&h=240&yaw=191.73767&pitch=0&thumbfov=100,,,,,,,,,,,,
"Kings Cafe, 2100 Martin Luther King Jr Ave SE #2100, Washington, DC 20020","https://www.google.com/maps/place/Kings+Cafe/@38.8653463,-76.9893893,17z/data=!3m1!4b1!4m5!3m4!1s0x89b7b711e92c99b3:0x5396305554910f18!8m2!3d38.8653404!4d-76.9893734",38.8653404,-76.9893734,Kings Cafe,"2100 Martin Luther King Jr Ave SE #2100, Washington, DC 20020 ","V286+46 Washington, District of Columbia",Diner,31,4.0,,,,"Tuesday, 7AM to 2PM; Wednesday, 7AM to 2PM; Thursday, 7AM to 2PM; Friday, 7AM to 2PM; Saturday, 8AM to 1PM; Sunday, Closed; Monday, 7AM to 2PM.",(202) 889-0333,https://lh5.googleusercontent.com/p/AF1QipPeBfH9mTxuKM3PtL6Lg3PzuyWi3KMM68Yj3ZlI=w408-h725-k-no,"['Offers takeout', 'No delivery']",['Serves great coffee'],"['Popular for breakfast', 'Popular for lunch', 'Good for solo dining']",,"['Serves coffee', 'Serves comfort food', 'Quick bite']",['Serves dessert'],['Good for kids'],['Casual'],,['Accepts NFC mobile payments'],"['Mask required', 'Staff wear masks', 'Staff get temperature checks']",
"Kraft Studio, 1239 Good Hope Rd SE, Washington, DC 20020","https://www.google.com/maps/place/Kraft+Studio/@38.8670124,-76.9874039,17z/data=!3m1!4b1!4m5!3m4!1s0x89b7b7ef024207cd:0x8ad6419f0fac8ffd!8m2!3d38.8670782!4d-76.9873853",38.8670782,-76.9873853,Kraft Studio,"1239 Good Hope Rd SE, Washington, DC 20020 ","V287+R2 Washington, District of Columbia",Artist,1,5.0,,,craigkraftstudio.com,"Tuesday, 10AM to 5PM; Wednesday, 10AM to 5PM; Thursday, 10AM to 5PM; Friday, 10AM to 5PM; Saturday, Closed; Sunday, Closed; Monday, 10AM to 5PM.",(202) 588-9655,https://lh5.googleusercontent.com/p/AF1QipP21IdubIpt5FPuyDNDEpCMpd2IPhY3TIRW7GJD=w408-h725-k-no,,,,,,,,,,,,
"Lee's Brunch, 2221 Minnesota Ave SE, Washington, DC 20020","https://www.google.com/maps/place/Lee's+Brunch/@38.8716526,-76.9738087,17z/data=!3m1!4b1!4m5!3m4!1s0x89b7b9ae459a1383:0x13a9022fd6f44687!8m2!3d38.8717171!4d-76.9738614",38.871717100000005,-76.9738614,Lee's Brunch,"2221 Minnesota Ave SE, Washington, DC 20020 ","V2CG+MF Washington, District of Columbia",Brunch restaurant,110,4.3,,,,"Tuesday, 6:30AM to 4PM; Wednesday, 6:30AM to 4PM; Thursday, 6:30AM to 4PM; Friday, 6:30AM to 4PM; Saturday, 6:30AM to 4PM; Sunday, Closed; Monday, 6:30AM to 4PM.",(202) 582-2285,https://lh5.googleusercontent.com/p/AF1QipPiTotQJJkL51rebpJxdCYMGmBD-wDZmw0RmKBA=w408-h306-k-no,"['Offers takeout', 'No delivery', 'No dine-in']",,"['Popular for breakfast', 'Good for solo dining']",,"['Serves coffee', 'Serves comfort food', 'Quick bite']",['Serves dessert'],['Good for kids'],['Casual'],,,,
"Malcolm X Ave & South Capitol St, Washington, DC 20032",,,,,,,,,,,,,"Tuesday, 9AM to 4PM; Wednesday, 9AM to 4PM; Thursday, 9AM to 4PM; Friday, 9AM to 4PM; Saturday, Closed; Sunday, Closed; Monday, 9AM to 4PM.",,,,,,,,,,,,,,
"Mama's Pizza Kitchen, washington dc","https://www.google.com/maps/place/Mama's+Pizza+Kitchen/@38.8657917,-76.989122,17z/data=!3m1!4b1!4m5!3m4!1s0x89b7b9c11fc38b8f:0xe01a8407e5e5e35f!8m2!3d38.8658091!4d-76.9892111",38.8658091,-76.98921109999999,Mama's Pizza Kitchen,"2028 Martin Luther King Jr Ave SE, Washington, DC 20020 ","V286+89 Washington, District of Columbia",Pizza restaurant,593,4.3,,Inexpensive,mamaspizzatogo.com,"Tuesday, 5AM to 8PM; Wednesday, 5AM to 8PM; Thursday, 5AM to 8PM; Friday, 5AM to 8PM; Saturday, 5AM to 8PM; Sunday, 5AM to 6PM; Monday, 5AM to 8PM.",(202) 678-6262,https://lh5.googleusercontent.com/p/AF1QipNSrPiAz6wuVdK_juqSSD5MGn9scUqg3HOaO6PP=w426-h240-k-no,"['Has no-contact delivery', 'Offers delivery', 'Offers takeout', 'No dine-in']",,"['Popular for lunch', 'Popular for dinner', 'Good for solo dining']","['Has wheelchair accessible parking lot', 'Has wheelchair accessible restroom', 'No wheelchair accessible entrance']","['Serves comfort food', 'Serves late-night food', 'Quick bite']","['Serves lunch', 'Serves dinner', 'Serves dessert', 'Has seating']","['Good for kids', 'Has restroom']","['Casual', 'Cozy']","['Family-friendly', 'Good for groups']",['Accepts NFC mobile payments'],['Mask required'],
"Manor Village, 1717 Alabama Ave SE, Washington, DC 20020","https://www.google.com/maps/place/Manor+Village/@38.8464616,-76.979575,17z/data=!3m1!4b1!4m5!3m4!1s0x89b7b98e4188f637:0x359f911cbd1c6762!8m2!3d38.8464616!4d-76.979575",38.846461600000005,-76.979575,Manor Village,"1717 Alabama Ave SE, Washington, DC 20020 ","R2WC+H5 Washington, District of Columbia",Apartment building,9,3.1,,,manorvillageapartments.com,"Tuesday, 9AM to 4PM; Wednesday, 9AM to 4PM; Thursday, 9AM to 4PM; Friday, 9AM to 4PM; Saturday, Closed; Sunday, Closed; Monday, 9AM to 4PM.",(202) 889-3611,https://lh5.googleusercontent.com/p/AF1QipOQR-VWdbaqQQL6WsMs0jjsAtv4pK5Lch_pgoFk=w408-h272-k-no,,,,,,,,,,,,
"McDonald's, 2529 Good Hope Rd SE, Washington, DC 20020","https://www.google.com/maps/place/McDonald's/@38.8599781,-76.9688951,17z/data=!3m1!4b1!4m5!3m4!1s0x89b7b9a173489683:0x3e3e29adac8b9394!8m2!3d38.8599811!4d-76.9689578",38.8599811,-76.9689578,McDonald's,"2529 Good Hope Rd SE, Washington, DC 20020 ","V25J+XC Washington, District of Columbia",Fast food restaurant,"1,734",3.5,,Inexpensive,mcdonalds.com,"Tuesday, Open 24 hours; Wednesday, Open 24 hours; Thursday, Open 24 hours; Friday, Open 24 hours; Saturday, Open 24 hours; Sunday, Open 24 hours; Monday, Open 24 hours.",(202) 582-5220,https://lh5.googleusercontent.com/p/AF1QipMEdgY83dugobY0GAjZquuycnEyufAo7FOphKP3=w408-h305-k-no,"['Offers curbside pickup', 'Has no-contact delivery', 'Offers delivery', 'Has drive-through', 'Offers takeout', 'No dine-in']","['Has fast service', 'Serves great coffee']","['Popular for breakfast', 'Popular for lunch', 'Popular for dinner', 'Good for solo dining']","['Has wheelchair accessible elevator', 'Has wheelchair accessible entrance', 'Has wheelchair accessible parking lot', 'Has wheelchair accessible restroom', 'Has wheelchair accessible seating']","['Serves alcohol', 'Serves coffee', ""Has kids' menu"", 'Serves late-night food', 'Quick bite']","['Serves breakfast', 'Serves lunch', 'Serves dinner', 'Serves dessert', 'Has seating']","['Good for kids', 'High chairs available', 'Has restroom']",['Casual'],['Good for groups'],"['Accepts NFC mobile payments', 'Credit cards']",,
"Merry's Kitchen, 2929 Martin Luther King Jr Ave SE, Washington, DC 20032","https://www.google.com/maps/place/Merry's+Kitchen/@38.8453048,-76.9974674,17z/data=!3m1!4b1!4m5!3m4!1s0x89b7b9f73597c72b:0x11a6cc8f41e80c80!8m2!3d38.8453079!4d-76.9974693",38.845307899999995,-76.99746929999999,Merry's Kitchen,"2929 Martin Luther King Jr Ave SE, Washington, DC 20032 ","R2W3+42 Washington, District of Columbia",Chinese restaurant,128,3.3,,Moderate,,"Tuesday, 11:30AM to 12AM; Wednesday, 11:30AM to 12AM; Thursday, 11:30AM to 12AM; Friday, 11:30AM to 12AM; Saturday, 11:30AM to 12AM; Sunday, 11:30AM to 12AM; Monday, 11:30AM to 12AM.",(202) 562-7180,https://lh5.googleusercontent.com/p/AF1QipND-Hc659-rVMyMBR_UVsQASu05u8EodLQUHO-j=w408-h544-k-no,"['Offers delivery', 'Offers takeout', 'No dine-in']",,"['Popular for lunch', 'Popular for dinner']",['Has wheelchair accessible entrance'],"['Serves comfort food', 'Serves late-night food', 'Quick bite']",,,['Casual'],,,,
"MLK Deli, 3113 Martin Luther King Jr Ave SE, Washington, DC 20032","https://www.google.com/maps/place/MLK+Deli/@38.8435542,-76.9998041,17z/data=!3m1!4b1!4m5!3m4!1s0x89b7b9f9cee45103:0x44cdf9ff20017da3!8m2!3d38.843533!4d-76.9997879",38.843533,-76.9997879,MLK Deli,"3113 Martin Luther King Jr Ave SE, Washington, DC 20032 ","R2V2+C3 Washington, District of Columbia",Deli,327,4.5,,,themlkdeli.com,"Tuesday, 11AM to 7PM; Wednesday, 11AM to 7PM; Thursday, 11AM to 7PM; Friday, 11AM to 7PM; Saturday, 11AM to 7PM; Sunday, Closed; Monday, 11AM to 7PM.",(202) 597-5897,https://lh5.googleusercontent.com/p/AF1QipMOnvNjqNgXtBPupbEYJXGccef_DmDkiB7ZTSOO=w408-h314-k-no,"['In-store pickup for online orders', 'Has in-store shopping', 'Offers takeout', 'No delivery', 'No dine-in']",,,['No wheelchair accessible entrance'],,,,,,,['Mask required'],['Good for quick visit']
"M L King Ave & Atlantic St, Washington, DC 20032","https://www.google.com/maps/place/M+L+King+Ave+%26+Atlantic+St/@38.831406,-77.010326,17z/data=!3m1!4b1!4m5!3m4!1s0x89b7ba08000e57f3:0x1c41d3dd9a653c40!8m2!3d38.831406!4d-77.010326",38.831406,-77.010326,M L King Ave & Atlantic St,"Washington, DC 20032 ","RXJQ+HV Washington, District of Columbia",Bus stop,,,,,,"Tuesday, 9AM to 4PM; Wednesday, 9AM to 4PM; Thursday, 9AM to 4PM; Friday, 9AM to 4PM; Saturday, Closed; Sunday, Closed; Monday, 9AM to 4PM.",,https://streetviewpixels-pa.googleapis.com/v1/thumbnail?panoid=8G534KjcLzAtBsVYnqhWiA&cb_client=search.gws-prod.gps&w=408&h=240&yaw=274.6044&pitch=0&thumbfov=100,,,,,,,,,,,,
"Motor Club Of America/TVC Marketing, 2201 Hunter Pl SE suite 204, Washington, DC 20020","https://www.google.com/maps/place/Motor+Club+Of+America%2FTVC+Marketing/@38.8579539,-76.986587,17z/data=!3m1!4b1!4m5!3m4!1s0x89b7b9953a0fede7:0x7210f0542945f1a2!8m2!3d38.8579539!4d-76.986587",38.8579539,-76.986587,Motor Club Of America/TVC Marketing,"2201 Hunter Pl SE suite 204, Washington, DC 20020 ","V257+59 Washington, District of Columbia",Business development service,1,5.0,,,,"Tuesday, Open 24 hours; Wednesday, Open 24 hours; Thursday, Open 24 hours; Friday, Open 24 hours; Saturday, Open 24 hours; Sunday, Open 24 hours; Monday, Open 24 hours.",(202) 413-6512,https://streetviewpixels-pa.googleapis.com/v1/thumbnail?panoid=2oXM1IR_RFqRgDVNjsnAEw&cb_client=search.gws-prod.gps&w=408&h=240&yaw=121.81567&pitch=0&thumbfov=100,,,,,,,,,,,,
"Navy Gateway Inns and Suites, Joint Base Anacostia-Bolling, 3621 Luke Ave SW, Washington, DC 20032","https://www.google.com/maps/place/Navy+Gateway+Inns+and+Suites/@38.8364791,-77.0165776,17z/data=!3m1!4b1!4m8!3m7!1s0x89b7b0aeb175fdff:0xae4d221bef37c076!5m2!4m1!1i2!8m2!3d38.836492!4d-77.0166386",38.836492,-77.0166386,Navy Gateway Inns and Suites,"Joint Base Anacostia-Bolling, 3621 Luke Ave SW, Washington, DC 20032 ","RXPM+H9 Washington, District of Columbia",,151,3.8,,,ngis.dodlodging.net,,(202) 664-8587,https://lh5.googleusercontent.com/p/AF1QipM0ZOL0MJI6rVz18jaWf9TdOSjlyGJ8O9xb7_wk=w408-h306-k-no,,,,,,,,,,,,
"Subway, Chappie James Blvd Bldg. 4514, Washington, DC 20032","https://www.google.com/maps/place/Subway/@38.8413125,-77.0182409,17z/data=!3m1!4b1!4m5!3m4!1s0x89b7b0a215187e1d:0x684d64c913751110!8m2!3d38.8414936!4d-77.0176242",38.8414936,-77.01762420000001,Subway,"Chappie James Blvd Bldg. 4514, Washington, DC 20032 ","RXRJ+GP Washington, District of Columbia",Sandwich shop,6,2.8,,Inexpensive,restaurants.subway.com,"Tuesday, 7AM to 7PM; Wednesday, 7AM to 7PM; Thursday, 7AM to 7PM; Friday, 7AM to 7PM; Saturday, 10:30AM to 6PM; Sunday, 10:30AM to 4PM; Monday, 7AM to 7PM.",(202) 563-2611,https://lh5.googleusercontent.com/p/AF1QipP-DyH8JQ9n_zAqa5vkAHCIDLV5b2oefuQGY7zW=w408-h306-k-no,"['Offers delivery', 'Offers takeout', 'Serves dine-in']",,"['Popular for lunch', 'Good for solo dining']",['Has wheelchair accessible entrance'],"['Serves healthy options', 'Quick bite', 'Serves vegetarian options']","['Serves lunch', 'Has catering']",['Good for kids'],['Casual'],,"['Accepts debit cards', 'Accepts NFC mobile payments']",,
"Theater Alliance, 2020 Shannon Pl SE, Washington, DC 20020","https://www.google.com/maps/place/Theater+Alliance/@38.8666669,-76.9898551,17z/data=!3m1!4b1!4m5!3m4!1s0x89b7b9c7194dab53:0x711167f2cb0d4827!8m2!3d38.8665291!4d-76.9899647",38.8665291,-76.9899647,Theater Alliance,"2020 Shannon Pl SE, Washington, DC 20020 ","V286+M3 Washington, District of Columbia",Performing arts theater,11,5.0,Temporarily closed,,theateralliance.com,,(202) 241-2539,https://lh5.googleusercontent.com/p/AF1QipMCNb5IAZ6wtRTnMNdfWWeEBdA299SuYDXuCol7=w408-h612-k-no,,,,,,,,,,,,
"Theatre Threads, 3940 2nd St SW, Washington, DC 20032","https://www.google.com/maps/place/Theatre+Threads/@38.8333803,-77.0107342,17z/data=!3m1!4b1!4m5!3m4!1s0x89b7b0a826381cb7:0x2c663ce0dd865e55!8m2!3d38.833376!4d-77.0107255",38.833376,-77.0107255,Theatre Threads,"3940 2nd St SW, Washington, DC 20032 ","RXMQ+9P Washington, District of Columbia",Performing arts theater,3,4.3,Temporarily closed,,,,(202) 563-5304,https://streetviewpixels-pa.googleapis.com/v1/thumbnail?panoid=35q7A_lZnXQvReKR5f7JOQ&cb_client=search.gws-prod.gps&w=408&h=240&yaw=93.55618&pitch=0&thumbfov=100,,,,,,,,,,,,
"Tony's Place, 1400 Good Hope Rd SE, Washington, DC 20050","https://www.google.com/maps/place/Tony's+Place/@38.8669496,-76.9849187,17z/data=!3m1!4b1!4m5!3m4!1s0x89b7b9b8f9697315:0x2a708ffcbf5877b8!8m2!3d38.8668317!4d-76.9849187",38.866831700000006,-76.98491870000001,Tony's Place,"1400 Good Hope Rd SE, Washington, DC 20050 ","V288+Q2 Washington, District of Columbia",Breakfast restaurant,299,4.0,,Inexpensive,tonysplacedc.com,"Tuesday, 6AM to 5:30PM; Wednesday, 6AM to 5:30PM; Thursday, 6AM to 5:30PM; Friday, 6AM to 5:30PM; Saturday, 6AM to 4PM; Sunday, Closed; Monday, 6AM to 5:30PM.",(202) 678-6633,https://lh5.googleusercontent.com/p/AF1QipOBQS_Z-WOHicWguJZ_UKmUsGRCUhAJ8FtzSXU5=w408-h725-k-no,"['Offers delivery', 'Offers takeout', 'No dine-in']",,"['Popular for breakfast', 'Good for solo dining']",['Has wheelchair accessible entrance'],"['Serves coffee', 'Serves comfort food', 'Quick bite', 'Serves small plates']",['Serves dessert'],,['Casual'],,['Accepts NFC mobile payments'],"['Mask required', 'Staff required to disinfect surfaces between visits']",['Usually has a wait']
"Tree Park, 1910 23rd St SE, Washington, DC 20020","https://www.google.com/maps/place/Tree+Park/@38.8655072,-76.9718493,17z/data=!3m1!4b1!4m5!3m4!1s0x89b7b93cbc732f6d:0xd2dc5a92a27b5c83!8m2!3d38.8655072!4d-76.9718493",38.8655072,-76.9718493,Tree Park,"1910 23rd St SE, Washington, DC 20020 ","V28H+67 Washington, District of Columbia",Park,,,,,,"Tuesday, 9AM to 5PM; Wednesday, 9AM to 5PM; Thursday, 9AM to 5PM; Friday, 9AM to 5PM; Saturday, 9AM to 3PM; Sunday, 9AM to 3PM; Monday, 9AM to 5PM.",,https://streetviewpixels-pa.googleapis.com/v1/thumbnail?panoid=pJyL6ubllI3I4O79KyZZfA&cb_client=search.gws-prod.gps&w=408&h=240&yaw=73.03631&pitch=0&thumbfov=100,,,,,,,,,,,,
"Turning Natural, 2025 Martin Luther King Jr Ave SE, Washington, DC 20020","https://www.google.com/maps/place/Turning+Natural/@38.8662954,-76.9893076,17z/data=!3m1!4b1!4m5!3m4!1s0x89b7b9c73d8351eb:0x8c9aa9d227925ed3!8m2!3d38.8662954!4d-76.9893076",38.8662954,-76.98930759999999,Turning Natural,"2025 Martin Luther King Jr Ave SE, Washington, DC 20020 ","V286+G7 Washington, District of Columbia",Health food restaurant,225,4.5,,Moderate,turningnatural.com,"Tuesday, 9AM to 5PM; Wednesday, 9AM to 5PM; Thursday, 9AM to 5PM; Friday, 9AM to 5PM; Saturday, 9AM to 3PM; Sunday, 9AM to 3PM; Monday, 9AM to 5PM.",(202) 800-8828,https://lh5.googleusercontent.com/p/AF1QipNEppWUo0jwI3sbonM9S44sbAkF3524mi8ks1gI=w408-h544-k-no,"['Offers takeout', 'No delivery']",,"['Popular for lunch', 'Good for solo dining']",,"['Serves comfort food', 'Serves healthy options', 'Quick bite', 'Serves vegetarian options']",['Serves dessert'],['Good for kids'],"['Casual', 'Cozy']","['Popular with college students', 'Good for groups']",['Accepts NFC mobile payments'],"['Mask required', 'Staff required to disinfect surfaces between visits']",
"Unifest, 1247 W St SE, Washington, DC 20020","https://www.google.com/maps/place/Unifest/@38.8644704,-76.9883029,17z/data=!3m1!4b1!4m5!3m4!1s0x89b7b9c0b16d8893:0xa74beae7ac092126!8m2!3d38.8645182!4d-76.9882904",38.864518200000006,-76.98829040000001,Unifest,"1247 W St SE, Washington, DC 20020 ","V276+QM Washington, District of Columbia",Social services organization,1,5.0,,,,"Tuesday, 8AM to 5PM; Wednesday, 8AM to 5PM; Thursday, 8AM to 5PM; Friday, 8AM to 5PM; Saturday, 10AM to 2PM; Sunday, Closed; Monday, 8AM to 5PM.",(202) 610-5757,https://streetviewpixels-pa.googleapis.com/v1/thumbnail?panoid=C09giNHkE01VsSGzYLHlrQ&cb_client=search.gws-prod.gps&w=408&h=240&yaw=198.8125&pitch=0&thumbfov=100,,,,,,,,,,,,
"Uniontown Bar & Grill, 2200 Martin Luther King Jr Ave SE, Washington, DC 20020","https://www.google.com/maps/place/Uniontown+Bar+%26+Grill/@38.864746,-76.989589,17z/data=!3m1!4b1!4m5!3m4!1s0x89b7b9c0d1fbbc87:0x6f026ee76a6327d6!8m2!3d38.8647682!4d-76.9896905",38.8647682,-76.98969050000001,Uniontown Bar & Grill,"2200 Martin Luther King Jr Ave SE, Washington, DC 20020 ","V276+V5 Washington, District of Columbia",,,4.0,Permanently closed,,uniontowndc.com,"Tuesday, 11AM to 12AM; Wednesday, 11AM to 12AM; Thursday, 11AM to 12AM; Friday, 11AM to 2:30AM; Saturday, 11AM to 2:30AM; Sunday, 1PM to 12AM; Monday, 11AM to 12AM.",(202) 450-2536,https://lh5.googleusercontent.com/p/AF1QipO6tcBxn8kSMrc_NMO-fO6pKIntZZnHOiYoIi8g=w408-h306-k-no,['No delivery'],,,,['Serves alcohol'],,['Has restroom'],,,,,
"Waldorf Holiday Hoops Classic, 3401 4th St SE, Washington, DC 20032","https://www.google.com/maps/place/Waldorf+Holiday+Hoops+Classic/@38.8393559,-77.0014226,17z/data=!3m1!4b1!4m5!3m4!1s0x89b7ba02f4a2f2f7:0x47e2610b2ebf3ac6!8m2!3d38.8393559!4d-77.0014226",38.8393559,-77.00142259999998,Waldorf Holiday Hoops Classic,"3401 4th St SE, Washington, DC 20032 ","RXQX+PC Washington, District of Columbia",Basketball club,,,,,,"Tuesday, 8AM to 5PM; Wednesday, 8AM to 5PM; Thursday, 8AM to 5PM; Friday, 8AM to 5PM; Saturday, 10AM to 2PM; Sunday, Closed; Monday, 8AM to 5PM.",(202) 645-3400,https://streetviewpixels-pa.googleapis.com/v1/thumbnail?panoid=3-lHOEq3yszVWC_RElJX7w&cb_client=search.gws-prod.gps&w=408&h=240&yaw=273.16516&pitch=0&thumbfov=100,,,,,,,,,,,,
"Ward 8 Tennis Council, 718 Mississippi Ave SE, Washington, DC 20032","https://www.google.com/maps/place/Ward+8+Tennis+Council/@38.838819,-76.9951097,17z/data=!3m1!4b1!4m5!3m4!1s0x89b7ba1d97cbb461:0x5dd0d008e5d83c9f!8m2!3d38.8387894!4d-76.9951073",38.838789399999996,-76.9951073,Ward 8 Tennis Council,"718 Mississippi Ave SE, Washington, DC 20032 ","R2Q3+GX Washington, District of Columbia",Tennis instructor,,,,,,"Tuesday, 8AM to 5PM; Wednesday, 8AM to 5PM; Thursday, 8AM to 5PM; Friday, 8AM to 5PM; Saturday, 10AM to 2PM; Sunday, Closed; Monday, 8AM to 5PM.",,https://streetviewpixels-pa.googleapis.com/v1/thumbnail?panoid=tJosOhZzvUkoFmWFGVKgcA&cb_client=search.gws-prod.gps&w=408&h=240&yaw=331.71188&pitch=0&thumbfov=100,,,,,,,,,,,,
"Washington DC Mental Health, 821 Howard Rd SE, Washington, DC 20020","https://www.google.com/maps/place/Washington+DC+Mental+Health/@38.863804,-76.998073,17z/data=!3m1!4b1!4m5!3m4!1s0x89b7b9c325e1147b:0x9d62b9f66bc4aae9!8m2!3d38.8637829!4d-76.9980807",38.8637829,-76.9980807,Washington DC Mental Health,"821 Howard Rd SE, Washington, DC 20020 ","V272+GQ Washington, District of Columbia",Public health department,,,,,dbh.dc.gov,"Tuesday, 8AM to 5PM; Wednesday, 8AM to 5PM; Thursday, 8AM to 5PM; Friday, 8AM to 5PM; Saturday, 10AM to 2PM; Sunday, Closed; Monday, 8AM to 5PM.",(202) 698-1838,https://streetviewpixels-pa.googleapis.com/v1/thumbnail?panoid=trkwCvfCXsaqqmzTbAQxKw&cb_client=search.gws-prod.gps&w=408&h=240&yaw=344.14752&pitch=0&thumbfov=100,,,,,,,,,,,,
"Washington View Apartments, 2629 Douglass Rd SE, Washington, DC 20020","https://www.google.com/maps/place/Washington+View+Apartments/@38.8572689,-76.989251,17z/data=!3m1!4b1!4m5!3m4!1s0x89b7b9eb03edfa83:0xb72259c1fc22a92d!8m2!3d38.8572689!4d-76.989251",38.8572689,-76.989251,Washington View Apartments,"2629 Douglass Rd SE, Washington, DC 20020 ","V246+W7 Washington, District of Columbia",Apartment building,78,3.6,,,washingtonviewapartments.com,"Tuesday, 8AM to 5PM; Wednesday, 8AM to 5PM; Thursday, 8AM to 5PM; Friday, 8AM to 5PM; Saturday, 10AM to 2PM; Sunday, Closed; Monday, 8AM to 5PM.",(202) 678-6467,https://lh5.googleusercontent.com/p/AF1QipOhnnl5ajU-h51bnmTU_-MTHE01jXSSV6RRf4sI=w408-h306-k-no,,,,,,,,,,,,
"WC Smith - Ridgecrest Village, 2000 Ridgecrest Ct SE, Washington, DC 20020","https://www.google.com/maps/place/WC+Smith+-+Ridgecrest+Village/@38.8478132,-76.9750336,17z/data=!3m1!4b1!4m5!3m4!1s0x89b7b98548fffb91:0xe4e2ca7509e25d58!8m2!3d38.8478171!4d-76.975036",38.8478171,-76.975036,WC Smith - Ridgecrest Village,"2000 Ridgecrest Ct SE, Washington, DC 20020 ","R2XF+4X Washington, District of Columbia",Apartment building,,,,,wcsmith.com,"Tuesday, 9AM to 5PM; Wednesday, 9AM to 5PM; Thursday, 9AM to 5PM; Friday, 9AM to 3PM; Saturday, Closed; Sunday, Closed; Monday, 9AM to 5PM.",(202) 889-1661,https://streetviewpixels-pa.googleapis.com/v1/thumbnail?panoid=Lru5ws5kSt9Z4eBZZoQxpg&cb_client=search.gws-prod.gps&w=408&h=240&yaw=305.7983&pitch=0&thumbfov=100,,,,,,,,,,,,
"WC Smith - Shipley Park, 2532 Southern Ave SE, Washington, DC 20020","https://www.google.com/maps/place/WC+Smith+-+Shipley+Park/@38.8473548,-76.9685388,17z/data=!3m1!4b1!4m5!3m4!1s0x89b7b99cc98050a7:0xfa18ee4de0f9ecde!8m2!3d38.8473548!4d-76.9685388",38.8473548,-76.96853879999999,WC Smith - Shipley Park,"2532 Southern Ave SE, Washington, DC 20020 ","R2WJ+WH Washington, District of Columbia",Apartment building,15,3.5,,,shipleyparkapartments.com,"Tuesday, 9AM to 5PM; Wednesday, 9AM to 5PM; Thursday, 9AM to 5PM; Friday, 9AM to 3PM; Saturday, Closed; Sunday, Closed; Monday, 9AM to 5PM.",(202) 889-3629,https://lh5.googleusercontent.com/p/AF1QipMlqw_IQ_63FY2FSMtQ1UjbCU8BOd6oRBzJ5Z4i=w408-h240-k-no-pi-0.79212195-ya59.212654-ro-1.4533064-fo100,,,,,,,,,,,,
"Wheeler Terrace Apartments, 1217 Valley Ave SE, Washington, DC 20032","https://www.google.com/maps/place/Wheeler+Terrace+Apartments/@38.8372737,-76.98923,17z/data=!3m1!4b1!4m5!3m4!1s0x89b7ba1faf181d13:0xd259a46ef9c79618!8m2!3d38.8372737!4d-76.98923",38.837273700000004,-76.98923,Wheeler Terrace Apartments,"1217 Valley Ave SE, Washington, DC 20032 ","R2P6+W8 Washington, District of Columbia",Apartment building,1,1.0,,,edgewoodmgmt.com,"Tuesday, 9AM to 5PM; Wednesday, 9AM to 5PM; Thursday, 9AM to 5PM; Friday, 9AM to 3PM; Saturday, Closed; Sunday, Closed; Monday, 9AM to 5PM.",(202) 561-7500,https://streetviewpixels-pa.googleapis.com/v1/thumbnail?panoid=btPVRozwKRdqQeZ2LTn_Bg&cb_client=search.gws-prod.gps&w=408&h=240&yaw=171.94962&pitch=0&thumbfov=100,,,,,,,,,,,,
"Z Mart And Food, 2323 Martin Luther King Jr Ave SE, Washington, DC 20020","https://www.google.com/maps/place/Z+Mart+And+Food/@38.8631974,-76.9920494,17z/data=!3m1!4b1!4m5!3m4!1s0x89b7b9c17160ccf1:0xe21ea186a30b2497!8m2!3d38.8631674!4d-76.9920227",38.8631674,-76.9920227,Z Mart And Food,"2323 Martin Luther King Jr Ave SE, Washington, DC 20020 ","V275+75 Washington, District of Columbia",Restaurant,1,3.0,,,,"Tuesday, 11AM to 12AM; Wednesday, 11AM to 12AM; Thursday, 11AM to 12AM; Friday, 11AM to 2:30AM; Saturday, 11AM to 2:30AM; Sunday, 1PM to 12AM; Monday, 11AM to 12AM.",,https://lh5.googleusercontent.com/p/AF1QipMKT3jeAegi7ZlXscgMlcUWvr7ejkQS6reXdW9u=w408-h306-k-no,"['Offers takeout', 'No delivery']",,,,,,,['Casual'],,,,
